name,salary,hand,team,pos,opp,order,pitcher,p_hand,pltn_adv,sal_diff,rank_diff,over_under,line,total,movement,ab,avg,woba,iso,oba,slg,ops,k_perc,bb_perc,bibp,proj_pts,proj_pts_salary
Braden Bishop,$2.3K,R,SEA,OF,HOU,1 ,Wade Miley,L,False,300,-12,9.5,148,4.14,-0.04,15,0.067,0.059,0,0.067,0.067,0.134,26.70,0.00,0.091,6.77,2.94
Travis Shaw,$2.5K,L,MIL,3B,MIA,7 ,Pablo Lopez,R,False,300,4,9,-210,5.36,0.52,102,0.186,0.294,0.157,0.308,0.343,0.651,33.30,14.20,0.259,6.91,2.76
Miguel Cabrera,$3.0K,R,DET,1B,TBR,4 ,Blake Snell,L,False,500,2,8.5,230,3.09,-0.2,28,0.357,0.443,0.179,0.486,0.536,1.022,17.10,20.00,0.429,7.29,2.43
Khris Davis,$3.6K,R,OAK,OF,@ LAA,4 ,Griffin Canning,R,True,Â ,40,8.5,-102,4.25,0.09,119,0.227,0.312,0.176,0.298,0.403,0.701,24.40,9.20,0.259,8.38,2.33
Shohei Ohtani,$3.4K,L,LAA,OF,OAK,3 ,Frankie Montas,R,False,300,25,8.5,-112,4.25,-0.09,63,0.206,0.272,0.143,0.271,0.349,0.620,21.40,8.60,0.217,7.82,2.3
Hanser Alberto,$3.5K,R,BAL,2B/3B,@ TEX,1 ,Drew Smyly,L,False,1000,5,10.5,122,4.87,-0.47,63,0.397,0.414,0.159,0.406,0.556,0.962,15.60,1.60,0.451,7.95,2.27
Delino DeShields,$3.8K,R,TEX,OF,BAL,2 ,Dylan Bundy,R,True,1400,-30,10.5,-140,5.63,-0.03,62,0.194,0.300,0.065,0.351,0.258,0.609,19.00,17.70,0.255,8.56,2.25
Brian Dozier,$3.7K,R,WAS,2B,CHW,6 ,Reynaldo Lopez,R,True,900,12,8.5,-250,5.31,-0.04,143,0.189,0.271,0.140,0.278,0.329,0.607,25.90,9.90,0.219,8.17,2.21
Edwin Encarnacion,$4.1K,R,SEA,1B,HOU,3 ,Wade Miley,L,False,400,10,9.5,148,4.14,-0.04,51,0.235,0.369,0.275,0.350,0.510,0.860,16.70,15.00,0.216,9.03,2.2
Mitch Haniger,$4.1K,R,SEA,OF,HOU,2 ,Wade Miley,L,False,300,30,9.5,148,4.14,-0.04,55,0.255,0.372,0.218,0.379,0.473,0.852,28.80,13.60,0.333,9.01,2.2
Kelvin Gutierrez,$3.0K,R,KCR,3B,BOS,7 ,Eduardo Rodriguez,L,False,1000,-1,10,174,4.11,-0.34,14,0.429,0.510,0.357,0.429,0.786,1.215,28.60,0.00,0.556,6.6,2.2
Christian Arroyo,$3.5K,R,TBR,3B,@ DET,4 ,Ryan Carpenter,L,False,700,4,8.5,-270,5.41,0.2,12,0.250,0.251,0.083,0.250,0.333,0.583,50.00,0.00,0.500,7.63,2.18
Ronald Acuna,$4.5K,R,ATL,OF,@ PIT,1 ,Steven Brault,L,False,500,13,9.5,-205,5.63,0.68,53,0.302,0.434,0.340,0.383,0.642,1.025,22.60,9.70,0.324,9.78,2.17
Willy Adames,$3.4K,R,TBR,SS,@ DET,5 ,Ryan Carpenter,L,False,900,-10,8.5,-270,5.41,0.2,57,0.140,0.186,0.070,0.197,0.211,0.408,31.10,6.60,0.189,7.37,2.17
Nicky Lopez,$3.2K,L,KCR,2B,BOS,2 ,Eduardo Rodriguez,L,True,700,15,10,174,4.11,-0.34,16,0.312,0.341,0.062,0.389,0.375,0.764,11.10,11.10,0.357,6.89,2.15
Marwin Gonzalez,$3.5K,S,MIN,3B/OF,@ CLE,6 ,Shane Bieber,R,False,800,-1,9,116,4.25,0.14,134,0.231,0.309,0.142,0.313,0.373,0.686,24.00,10.00,0.287,7.45,2.13
Vladimir Guerrero Jr,$3.5K,R,TOR,3B,NYY,2 ,Masahiro Tanaka,R,True,400,8,9,172,3.7,-0.11,90,0.267,0.360,0.222,0.347,0.489,0.836,19.80,10.90,0.292,7.46,2.13
Isiah Kiner-Falefa,$3.3K,R,TEX,C,BAL,9 ,Dylan Bundy,R,True,1000,-25,10.5,-140,5.63,-0.03,74,0.216,0.281,0.108,0.301,0.324,0.625,22.90,8.40,0.278,7.01,2.12
Billy Hamilton,$3.0K,S,KCR,OF,BOS,9 ,Eduardo Rodriguez,L,False,600,-5,10,174,4.11,-0.34,47,0.191,0.255,0.064,0.296,0.255,0.551,26.80,12.50,0.281,6.33,2.11
Aaron Hicks,$4.1K,S,NYY,OF,@ TOR,4 ,Clayton Richard,L,False,900,3,9,-200,5.3,0.11,21,0.238,0.231,0,0.273,0.238,0.511,31.80,4.50,0.357,8.64,2.11
Jack Mayfield,$2.8K,R,HOU,2B/SS,@ SEA,8 ,Andrew Moore,R,True,700,8,9.5,-170,5.36,0.04,10,0.000,0,0,0.000,0.000,0.000,40.00,0.00,0.000,5.91,2.11
Kyle Schwarber,$3.9K,L,CHC,OF,COL,1 ,Jeff Hoffman,R,False,400,23,10.5,-220,6.33,6.33,148,0.196,0.312,0.196,0.315,0.392,0.707,27.00,15.20,0.221,8.18,2.1
Rougned Odor,$3.5K,L,TEX,2B,BAL,7 ,Dylan Bundy,R,False,900,8,10.5,-140,5.63,-0.03,114,0.149,0.243,0.167,0.218,0.316,0.534,33.90,7.30,0.167,7.31,2.09
Stephen Vogt,$3.3K,L,SFG,1B/C,@ NYM,5 ,Noah Syndergaard,R,False,1300,-21,7,126,3.22,0.04,38,0.263,0.354,0.184,0.364,0.447,0.811,29.50,13.60,0.375,6.89,2.09
Grayson Greiner,$2.5K,R,DET,C,TBR,8 ,Blake Snell,L,False,100,-14,8.5,230,3.09,-0.2,24,0.167,0.278,0.25,0.231,0.417,0.648,34.60,7.70,0.154,5.19,2.08
Trey Mancini,$5.0K,R,BAL,1B/OF,@ TEX,2 ,Drew Smyly,L,False,1200,-1,10.5,122,4.87,-0.47,68,0.338,0.436,0.294,0.400,0.632,1.032,21.30,8.00,0.396,10.33,2.07
Mike Zunino,$3.6K,R,TBR,C,@ DET,6 ,Ryan Carpenter,L,False,1100,-21,8.5,-270,5.41,0.2,26,0.154,0.233,0.115,0.241,0.269,0.510,34.50,10.30,0.200,7.41,2.06
Rowdy Tellez,$3.3K,L,TOR,1B,NYY,4 ,Masahiro Tanaka,R,False,800,Â ,9,172,3.7,-0.11,124,0.210,0.294,0.185,0.279,0.395,0.674,29.40,6.60,0.256,6.76,2.05
Asdrubal Cabrera,$4.0K,S,TEX,3B,BAL,6 ,Dylan Bundy,R,False,800,1,10.5,-140,5.63,-0.03,124,0.250,0.351,0.242,0.326,0.492,0.818,23.90,8.70,0.277,8.21,2.05
Jose Ramirez,$3.8K,S,CLE,3B,MIN,5 ,Devin Smeltzer,L,False,800,Â ,9,-132,4.75,-0.14,66,0.273,0.335,0.136,0.347,0.409,0.756,9.30,10.70,0.276,7.78,2.05
Matt Olson,$3.8K,L,OAK,1B,@ LAA,3 ,Griffin Canning,R,False,900,3,8.5,-102,4.25,0.09,69,0.188,0.300,0.203,0.291,0.391,0.682,29.10,11.40,0.214,7.77,2.04
Yulieski Gurriel,$3.7K,R,HOU,1B/3B,@ SEA,4 ,Andrew Moore,R,True,500,19,9.5,-170,5.36,0.04,159,0.264,0.295,0.132,0.285,0.396,0.681,13.90,3.00,0.286,7.56,2.04
Marcus Semien,$3.7K,R,OAK,SS,@ LAA,1 ,Griffin Canning,R,True,600,-4,8.5,-102,4.25,0.09,178,0.242,0.324,0.152,0.337,0.393,0.730,16.60,12.70,0.266,7.54,2.04
Manny Machado,$3.8K,R,SDP,3B/SS,PHI,3 ,Jerad Eickhoff,R,True,800,-2,8,-160,4.44,0.19,179,0.223,0.284,0.101,0.305,0.324,0.629,21.20,9.90,0.269,7.76,2.04
Starlin Castro,$3.2K,R,MIA,2B,@ MIL,4 ,Chase Anderson,R,True,400,27,9,180,3.64,-0.02,159,0.201,0.225,0.050,0.250,0.252,0.502,12.20,6.40,0.223,6.49,2.03
Renato Nunez,$4.9K,R,BAL,1B,@ TEX,3 ,Drew Smyly,L,False,1300,1,10.5,122,4.87,-0.47,69,0.304,0.420,0.333,0.360,0.638,0.998,21.30,6.70,0.304,9.95,2.03
J.T. Riddle,$3.3K,L,MIA,SS,@ MIL,6 ,Chase Anderson,R,False,1200,-13,9,180,3.64,-0.02,28,0.143,0.167,0.107,0.143,0.250,0.393,42.90,0.00,0.200,6.65,2.02
Mookie Betts,$5.0K,R,BOS,OF,@ KCR,1 ,Glenn Sparkman,R,True,800,8,10,-200,5.89,-0.16,163,0.307,0.415,0.233,0.422,0.540,0.962,15.10,16.10,0.325,10.09,2.02
Carlos Gonzalez,$3.3K,L,CHC,OF,COL,5 ,Jeff Hoffman,R,False,1100,-19,10.5,-220,6.33,6.33,75,0.240,0.277,0.093,0.293,0.333,0.626,25.60,6.10,0.302,6.66,2.02
Guillermo Heredia,$2.9K,R,TBR,OF,@ DET,8 ,Ryan Carpenter,L,False,800,-13,8.5,-270,5.41,0.2,38,0.289,0.359,0.184,0.357,0.474,0.831,31.00,7.10,0.417,5.83,2.01
Joey Votto,$3.7K,L,CIN,1B,@ STL,2 ,Genesis Cabrera,L,True,800,8,8.5,-102,4.25,-0.38,55,0.236,0.275,0.036,0.311,0.273,0.584,27.90,6.60,0.342,7.45,2.01
Javier Baez,$4.6K,R,CHC,2B/SS,COL,4 ,Jeff Hoffman,R,True,600,1,10.5,-220,6.33,6.33,190,0.279,0.350,0.211,0.322,0.489,0.811,32.70,5.90,0.388,9.25,2.01
Michael Brantley,$4.6K,L,HOU,OF,@ SEA,3 ,Andrew Moore,R,False,800,4,9.5,-170,5.36,0.04,162,0.327,0.399,0.228,0.382,0.556,0.938,6.20,7.90,0.312,9.19,2
Yandy Diaz,$4.4K,R,TBR,1B/3B,@ DET,1 ,Ryan Carpenter,L,False,1000,3,8.5,-270,5.41,0.2,47,0.298,0.435,0.340,0.389,0.638,1.027,27.80,13.00,0.357,8.8,2
Trea Turner,$4.9K,R,WAS,SS,CHW,1 ,Reynaldo Lopez,R,True,1100,-1,8.5,-250,5.31,-0.04,63,0.222,0.274,0.159,0.258,0.381,0.639,21.20,4.50,0.271,9.73,1.99
DJ LeMahieu,$4.6K,R,NYY,2B/3B,@ TOR,1 ,Clayton Richard,L,False,900,4,9,-200,5.3,0.11,44,0.364,0.405,0.159,0.417,0.523,0.940,14.60,8.30,0.417,9.17,1.99
Pedro Severino,$3.8K,R,BAL,C,@ TEX,5 ,Drew Smyly,L,False,1000,-19,10.5,122,4.87,-0.47,37,0.351,0.439,0.297,0.405,0.649,1.054,21.40,7.10,0.385,7.55,1.99
Cody Bellinger,$5.8K,L,LAD,1B/OF,@ ARI,4 ,Taylor Clarke,R,False,1200,-2,9.5,-200,5.6,0.27,138,0.399,0.514,0.370,0.475,0.768,1.243,13.60,13.00,0.400,11.46,1.98
Stephen Piscotty,$3.6K,R,OAK,OF,@ LAA,5 ,Griffin Canning,R,True,500,16,8.5,-102,4.25,0.09,170,0.235,0.301,0.129,0.312,0.365,0.677,20.50,9.50,0.283,7.05,1.96
Shin-Soo Choo,$5.1K,L,TEX,OF,BAL,1 ,Dylan Bundy,R,False,1200,-3,10.5,-140,5.63,-0.03,158,0.316,0.427,0.278,0.400,0.595,0.995,22.80,10.60,0.380,10.02,1.96
Matt Chapman,$4.4K,R,OAK,3B,@ LAA,2 ,Griffin Canning,R,True,700,5,8.5,-102,4.25,0.09,175,0.280,0.374,0.246,0.352,0.526,0.878,16.30,8.70,0.291,8.61,1.96
Nick Senzel,$4.5K,R,CIN,OF,@ STL,1 ,Genesis Cabrera,L,False,800,4,8.5,-102,4.25,-0.38,40,0.350,0.412,0.25,0.386,0.600,0.986,8.90,6.70,0.343,8.76,1.95
Gleyber Torres,$4.7K,R,NYY,2B/SS,@ TOR,5 ,Clayton Richard,L,False,1000,-4,9,-200,5.3,0.11,47,0.255,0.282,0.128,0.271,0.383,0.654,34.70,2.00,0.379,9.18,1.95
Domingo Santana,$4.2K,R,SEA,OF,HOU,4 ,Wade Miley,L,False,900,-1,9.5,148,4.14,-0.04,57,0.211,0.324,0.228,0.286,0.439,0.725,34.90,9.50,0.281,8.21,1.95
Alex Bregman,$5.1K,R,HOU,3B,@ SEA,2 ,Andrew Moore,R,True,900,2,9.5,-170,5.36,0.04,154,0.279,0.418,0.299,0.406,0.578,0.984,11.50,16.70,0.246,9.97,1.95
Josh Reddick,$3.9K,L,HOU,OF,@ SEA,5 ,Andrew Moore,R,False,900,-4,9.5,-170,5.36,0.04,152,0.289,0.318,0.112,0.333,0.401,0.734,10.10,7.10,0.296,7.55,1.94
Eloy Jimenez,$3.0K,R,CHW,OF,@ WAS,6 ,Stephen Strasburg,R,True,300,11,8.5,215,3.19,0.04,104,0.250,0.316,0.202,0.284,0.452,0.736,29.40,4.60,0.303,5.81,1.94
Martin Maldonado,$2.7K,R,KCR,C,BOS,8 ,Eduardo Rodriguez,L,False,400,-20,10,174,4.11,-0.34,37,0.189,0.203,0.027,0.231,0.216,0.447,33.30,5.10,0.292,5.23,1.94
Nomar Mazara,$4.5K,L,TEX,OF,BAL,4 ,Dylan Bundy,R,False,900,Â ,10.5,-140,5.63,-0.03,141,0.262,0.327,0.156,0.323,0.418,0.741,18.70,6.50,0.303,8.67,1.93
Jose Peraza,$3.0K,R,CIN,2B/SS,@ STL,8 ,Genesis Cabrera,L,False,800,12,8.5,-102,4.25,-0.38,46,0.239,0.279,0.087,0.300,0.326,0.626,12.00,8.00,0.256,5.78,1.93
Josh Donaldson,$4.0K,R,ATL,3B,@ PIT,4 ,Steven Brault,L,False,800,1,9.5,-205,5.63,0.68,42,0.190,0.317,0.071,0.382,0.262,0.644,30.90,23.60,0.320,7.7,1.93
Christian Yelich,$5.9K,L,MIL,OF,MIA,2 ,Pablo Lopez,R,False,1100,-1,9,-210,5.36,0.52,134,0.343,0.503,0.448,0.444,0.791,1.235,18.50,14.80,0.326,11.41,1.93
Yasiel Puig,$3.8K,R,CIN,OF,@ STL,4 ,Genesis Cabrera,L,False,1100,-14,8.5,-102,4.25,-0.38,48,0.229,0.308,0.188,0.296,0.417,0.713,20.40,7.40,0.229,7.28,1.92
Mike Trout,$5.5K,R,LAA,OF,OAK,2 ,Frankie Montas,R,True,600,3,8.5,-112,4.25,-0.09,119,0.311,0.471,0.319,0.481,0.630,1.111,14.80,22.20,0.310,10.58,1.92
Joe Panik,$3.3K,L,SFG,2B,@ NYM,1 ,Noah Syndergaard,R,False,600,19,7,126,3.22,0.04,143,0.224,0.276,0.084,0.304,0.308,0.612,11.20,9.90,0.242,6.32,1.92
Chris Davis,$3.0K,L,BAL,1B,@ TEX,7 ,Drew Smyly,L,True,800,-15,10.5,122,4.87,-0.47,27,0.111,0.119,0,0.143,0.111,0.254,42.90,3.60,0.200,5.72,1.91
Kris Bryant,$5.2K,R,CHC,3B/OF,COL,2 ,Jeff Hoffman,R,True,1000,Â ,10.5,-220,6.33,6.33,162,0.278,0.392,0.241,0.392,0.519,0.911,19.60,12.90,0.310,9.92,1.91
Richard Martin,$2.7K,R,BAL,SS,@ TEX,9 ,Drew Smyly,L,False,700,-11,10.5,122,4.87,-0.47,51,0.176,0.244,0.118,0.250,0.294,0.544,33.90,5.40,0.258,5.16,1.91
Dawel Lugo,$2.7K,R,DET,3B,TBR,6 ,Blake Snell,L,False,500,3,8.5,230,3.09,-0.2,12,0.333,0.293,0,0.333,0.333,0.666,8.30,0.00,0.364,5.16,1.91
Juan Soto,$5.5K,L,WAS,OF,CHW,4 ,Reynaldo Lopez,R,False,1300,-1,8.5,-250,5.31,-0.04,122,0.279,0.393,0.230,0.393,0.508,0.901,26.20,15.90,0.351,10.48,1.91
Gary Sanchez,$5.4K,R,NYY,C,@ TOR,3 ,Clayton Richard,L,False,1100,-1,9,-200,5.3,0.11,31,0.226,0.345,0.290,0.294,0.516,0.810,44.10,5.90,0.308,10.31,1.91
Matt Wieters,$3.5K,S,STL,C,CIN,5 ,Luis Castillo,R,False,900,-17,8.5,-112,4.25,-0.12,32,0.406,0.481,0.344,0.412,0.750,1.162,17.60,2.90,0.417,6.66,1.9
Tommy La Stella,$3.8K,L,LAA,2B/3B,OAK,1 ,Frankie Montas,R,False,700,4,8.5,-112,4.25,-0.09,136,0.309,0.390,0.243,0.361,0.551,0.912,7.30,6.00,0.278,7.22,1.9
Victor Caratini,$3.8K,S,CHC,C,COL,6 ,Jeff Hoffman,R,False,1300,-27,10.5,-220,6.33,6.33,30,0.300,0.414,0.2,0.432,0.500,0.932,24.30,16.20,0.400,7.22,1.9
Kyle Farmer,$3.6K,R,CIN,1B/2B,@ STL,7 ,Genesis Cabrera,L,False,1600,-23,8.5,-102,4.25,-0.38,33,0.303,0.422,0.364,0.343,0.667,1.010,22.90,5.70,0.318,6.85,1.9
Lorenzo Cain,$4.4K,R,MIL,OF,MIA,1 ,Pablo Lopez,R,True,1000,-4,9,-210,5.36,0.52,178,0.258,0.299,0.090,0.318,0.348,0.666,13.30,6.70,0.296,8.32,1.89
Jonathan Lucroy,$3.2K,R,LAA,C,OAK,4 ,Frankie Montas,R,True,500,-6,8.5,-112,4.25,-0.09,111,0.261,0.330,0.135,0.339,0.396,0.735,12.10,9.70,0.272,6.05,1.89
Derek Fisher,$4.2K,L,HOU,OF,@ SEA,1 ,Andrew Moore,R,False,1300,-26,9.5,-170,5.36,0.04,16,0.125,0.259,0.25,0.222,0.375,0.597,38.90,11.10,0.125,7.94,1.89
Brandon Belt,$3.9K,L,SFG,1B/OF,@ NYM,4 ,Noah Syndergaard,R,False,700,8,7,126,3.22,0.04,122,0.254,0.385,0.262,0.372,0.516,0.888,17.20,15.20,0.275,7.38,1.89
Paul DeJong,$3.9K,R,STL,SS,CIN,2 ,Luis Castillo,R,True,400,2,8.5,-112,4.25,-0.12,183,0.268,0.358,0.175,0.366,0.443,0.809,17.40,11.30,0.305,7.34,1.88
Paul Goldschmidt,$4.1K,R,STL,1B,CIN,3 ,Luis Castillo,R,True,500,9,8.5,-112,4.25,-0.12,189,0.280,0.364,0.180,0.362,0.460,0.822,27.60,10.70,0.358,7.65,1.87
Avisail Garcia,$5.1K,R,TBR,OF,@ DET,2 ,Ryan Carpenter,L,False,1600,-18,8.5,-270,5.41,0.2,52,0.212,0.341,0.25,0.317,0.462,0.779,25.00,13.30,0.235,9.54,1.87
Kole Calhoun,$4.2K,L,LAA,OF,OAK,5 ,Frankie Montas,R,False,500,15,8.5,-112,4.25,-0.09,135,0.267,0.377,0.267,0.353,0.533,0.886,22.90,11.50,0.309,7.84,1.87
Kolten Wong,$3.7K,L,STL,2B,CIN,7 ,Luis Castillo,R,False,800,14,8.5,-112,4.25,-0.12,143,0.224,0.314,0.147,0.327,0.371,0.698,16.70,11.90,0.248,6.88,1.86
Cole Tucker,$2.8K,S,PIT,SS,ATL,7 ,Max Fried,L,False,500,-7,9.5,178,3.87,-0.18,30,0.167,0.217,0.1,0.219,0.267,0.486,43.80,6.20,0.267,5.22,1.86
J.D. Martinez,$5.0K,R,BOS,OF,@ KCR,3 ,Glenn Sparkman,R,True,900,4,10,-200,5.89,-0.16,157,0.280,0.355,0.153,0.365,0.433,0.798,15.50,11.60,0.310,9.32,1.86
Adam Eaton,$4.2K,L,WAS,OF,CHW,2 ,Reynaldo Lopez,R,False,1100,-13,8.5,-250,5.31,-0.04,164,0.244,0.302,0.104,0.324,0.348,0.672,19.30,9.10,0.288,7.76,1.85
Nick Castellanos,$3.7K,R,DET,OF,TBR,3 ,Blake Snell,L,False,700,4,8.5,230,3.09,-0.2,34,0.324,0.415,0.265,0.385,0.588,0.973,12.80,7.70,0.321,6.86,1.85
Oscar Mercado,$4.0K,R,CLE,OF,MIN,2 ,Devin Smeltzer,L,False,1000,-6,9,-132,4.75,-0.14,20,0.200,0.261,0.05,0.304,0.250,0.554,30.40,4.30,0.308,7.41,1.85
Daniel Robertson,$3.1K,R,TBR,2B/3B,@ DET,9 ,Ryan Carpenter,L,False,900,9,8.5,-270,5.41,0.2,56,0.286,0.347,0.089,0.385,0.375,0.760,24.60,12.30,0.385,5.7,1.84
Yoan Moncada,$4.1K,S,CHW,3B,@ WAS,2 ,Stephen Strasburg,R,False,400,6,8.5,215,3.19,0.04,166,0.295,0.385,0.247,0.359,0.542,0.901,30.30,8.60,0.386,7.54,1.84
Jurickson Profar,$3.4K,S,OAK,2B,@ LAA,8 ,Griffin Canning,R,False,700,14,8.5,-102,4.25,0.09,160,0.163,0.253,0.175,0.237,0.338,0.575,13.60,6.80,0.140,6.27,1.84
Eugenio Suarez,$4.5K,R,CIN,3B,@ STL,3 ,Genesis Cabrera,L,False,900,1,8.5,-102,4.25,-0.38,48,0.312,0.429,0.292,0.417,0.604,1.021,23.30,16.70,0.344,8.29,1.84
Kevin Newman,$4.0K,R,PIT,2B/SS,ATL,1 ,Max Fried,L,False,1300,-11,9.5,178,3.87,-0.18,22,0.318,0.313,0.091,0.318,0.409,0.727,18.20,0.00,0.389,7.35,1.84
Ozzie Albies,$4.1K,S,ATL,2B,@ PIT,7 ,Steven Brault,L,False,1100,6,9.5,-205,5.63,0.68,61,0.344,0.378,0.197,0.349,0.541,0.890,6.30,1.60,0.315,7.54,1.84
Whit Merrifield,$4.7K,R,KCR,2B/OF,BOS,1 ,Eduardo Rodriguez,L,False,900,-11,10,174,4.11,-0.34,62,0.226,0.349,0.323,0.290,0.548,0.838,15.90,8.70,0.191,8.64,1.84
Matt Carpenter,$4.1K,L,STL,1B/3B,CIN,1 ,Luis Castillo,R,False,1000,4,8.5,-112,4.25,-0.12,168,0.226,0.319,0.161,0.330,0.387,0.717,24.70,12.90,0.281,7.53,1.84
Danny Jansen,$2.1K,R,TOR,C,NYY,9 ,Masahiro Tanaka,R,True,-100,-24,9,172,3.7,-0.11,98,0.143,0.202,0.061,0.227,0.204,0.431,25.20,9.00,0.186,3.85,1.83
Luke Voit,$5.4K,R,NYY,1B,@ TOR,2 ,Clayton Richard,L,False,1300,-1,9,-200,5.3,0.11,44,0.227,0.351,0.25,0.327,0.477,0.804,23.10,9.60,0.233,9.81,1.82
Nick Ahmed,$3.3K,R,ARI,SS,LAD,7 ,Hyun-Jin Ryu,L,False,700,-6,9.5,174,3.9,0.23,67,0.373,0.424,0.239,0.394,0.612,1.006,22.50,4.20,0.460,5.99,1.82
Brock Holt,$3.7K,L,BOS,2B/3B,@ KCR,6 ,Glenn Sparkman,R,False,1100,3,10,-200,5.89,-0.16,28,0.214,0.235,0.036,0.267,0.250,0.517,30.00,3.30,0.316,6.75,1.82
Matt Adams,$4.3K,L,WAS,1B,CHW,5 ,Reynaldo Lopez,R,False,1300,-4,8.5,-250,5.31,-0.04,79,0.241,0.319,0.241,0.274,0.481,0.755,36.90,4.80,0.318,7.79,1.81
Robinson Chirinos,$3.9K,R,HOU,C,@ SEA,6 ,Andrew Moore,R,True,900,-12,9.5,-170,5.36,0.04,103,0.262,0.394,0.272,0.372,0.534,0.906,23.80,9.80,0.299,7.07,1.81
Corey Seager,$4.7K,L,LAD,SS,@ ARI,3 ,Taylor Clarke,R,False,1200,-3,9.5,-200,5.6,0.27,132,0.265,0.378,0.258,0.347,0.523,0.870,16.70,10.70,0.277,8.51,1.81
Alex Verdugo,$4.2K,L,LAD,OF,@ ARI,6 ,Taylor Clarke,R,False,1500,-35,9.5,-200,5.6,0.27,110,0.291,0.346,0.182,0.336,0.473,0.809,9.00,7.40,0.293,7.59,1.81
Anthony Rendon,$5.6K,R,WAS,3B,CHW,3 ,Reynaldo Lopez,R,True,1200,Â ,8.5,-250,5.31,-0.04,122,0.328,0.444,0.303,0.420,0.631,1.051,15.40,11.90,0.351,10.11,1.81
Jose Iglesias,$3.5K,R,CIN,SS,@ STL,5 ,Genesis Cabrera,L,False,1200,-13,8.5,-102,4.25,-0.38,47,0.298,0.309,0.085,0.327,0.383,0.710,8.20,4.10,0.326,6.35,1.81
Andrew Benintendi,$4.7K,L,BOS,OF,@ KCR,2 ,Glenn Sparkman,R,False,1100,-6,10,-200,5.89,-0.16,162,0.278,0.348,0.179,0.344,0.457,0.801,24.30,7.70,0.345,8.53,1.81
Jared Walsh,$3.0K,L,LAA,1B,OAK,8 ,Frankie Montas,R,False,700,-9,8.5,-112,4.25,-0.09,23,0.261,0.266,0,0.320,0.261,0.581,40.00,8.00,0.462,5.44,1.81
Randal Grichuk,$3.3K,R,TOR,OF,NYY,5 ,Masahiro Tanaka,R,True,600,7,9,172,3.7,-0.11,163,0.209,0.284,0.184,0.259,0.393,0.652,28.20,5.70,0.245,5.98,1.81
Raimel Tapia,$3.9K,L,COL,OF,@ CHC,1 ,Kyle Hendricks,R,False,900,-4,10.5,186,4.17,4.17,127,0.268,0.347,0.213,0.316,0.480,0.796,22.80,6.60,0.333,7.06,1.81
Giovanny Urshela,$4.1K,R,NYY,3B,@ TOR,7 ,Clayton Richard,L,False,1300,-8,9,-200,5.3,0.11,37,0.324,0.344,0.108,0.350,0.432,0.782,22.50,5.00,0.414,7.37,1.8
Jason Kipnis,$3.2K,L,CLE,2B,MIN,6 ,Devin Smeltzer,L,True,800,12,9,-132,4.75,-0.14,58,0.207,0.216,0.069,0.220,0.276,0.496,15.00,1.70,0.245,5.77,1.8
Niko Goodrum,$3.8K,S,DET,1B/OF,TBR,1 ,Blake Snell,L,False,600,8,8.5,230,3.09,-0.2,34,0.235,0.316,0.118,0.341,0.353,0.694,24.40,14.60,0.320,6.84,1.8
Brian Goodwin,$3.7K,L,LAA,OF,OAK,7 ,Frankie Montas,R,False,900,-7,8.5,-112,4.25,-0.09,140,0.307,0.357,0.143,0.369,0.450,0.819,25.50,9.60,0.398,6.62,1.79
Dexter Fowler,$3.6K,S,STL,OF,CIN,6 ,Luis Castillo,R,False,900,-6,8.5,-112,4.25,-0.12,124,0.258,0.349,0.137,0.383,0.395,0.778,24.20,13.40,0.341,6.46,1.79
Mike Moustakas,$5.4K,L,MIL,2B/3B,MIA,4 ,Pablo Lopez,R,False,1500,Â ,9,-210,5.36,0.52,146,0.281,0.406,0.342,0.344,0.623,0.967,20.00,8.10,0.277,9.67,1.79
Eric Hosmer,$4.2K,L,SDP,1B,PHI,4 ,Jerad Eickhoff,R,False,1400,-11,8,-160,4.44,0.19,175,0.309,0.366,0.189,0.351,0.497,0.848,20.20,5.90,0.349,7.5,1.79
Melky Cabrera,$3.9K,S,PIT,OF,ATL,4 ,Max Fried,L,False,1400,-30,9.5,178,3.87,-0.18,47,0.340,0.364,0.149,0.354,0.489,0.843,12.50,2.10,0.359,7,1.79
Brandon Crawford,$3.1K,L,SFG,SS,@ NYM,7 ,Noah Syndergaard,R,False,500,-4,7,126,3.22,0.04,136,0.184,0.267,0.132,0.276,0.316,0.592,23.10,11.50,0.206,5.56,1.79
Mike Yastrzemski,$3.5K,L,SFG,OF,@ NYM,2 ,Noah Syndergaard,R,False,300,26,7,126,3.22,0.04,26,0.269,0.359,0.192,0.355,0.462,0.817,25.80,9.70,0.333,6.26,1.79
Tony Kemp,$3.5K,L,HOU,2B/OF,@ SEA,7 ,Andrew Moore,R,False,1300,-3,9.5,-170,5.36,0.04,80,0.225,0.296,0.138,0.308,0.362,0.670,14.10,8.70,0.242,6.24,1.78
Curtis Granderson,$3.7K,L,MIA,OF,@ MIL,1 ,Chase Anderson,R,False,1300,-27,9,180,3.64,-0.02,118,0.161,0.271,0.178,0.267,0.339,0.606,31.90,11.90,0.188,6.58,1.78
Brian Anderson,$3.8K,R,MIA,3B/OF,@ MIL,3 ,Chase Anderson,R,True,1000,-1,9,180,3.64,-0.02,151,0.265,0.329,0.126,0.347,0.391,0.738,20.20,11.00,0.316,6.75,1.78
Tim Beckham,$3.7K,R,SEA,SS,HOU,7 ,Wade Miley,L,False,700,-5,9.5,148,4.14,-0.04,55,0.291,0.371,0.255,0.328,0.545,0.873,32.80,5.20,0.375,6.55,1.77
James McCann,$3.7K,R,CHW,C,@ WAS,4 ,Stephen Strasburg,R,True,1000,-18,8.5,215,3.19,0.04,106,0.330,0.366,0.151,0.366,0.481,0.847,23.20,4.50,0.416,6.56,1.77
Elvis Andrus,$4.5K,R,TEX,SS,BAL,3 ,Dylan Bundy,R,True,1000,-2,10.5,-140,5.63,-0.03,139,0.302,0.358,0.173,0.345,0.475,0.820,16.90,4.70,0.339,7.93,1.76
Ildemaro Vargas,$3.4K,S,ARI,2B/3B,LAD,6 ,Hyun-Jin Ryu,L,False,1000,5,9.5,174,3.9,0.23,30,0.367,0.433,0.267,0.387,0.633,1.020,9.70,3.20,0.360,5.99,1.76
Adam Haseley,$2.9K,L,PHI,OF,@ SDP,8 ,Chris Paddack,R,False,0,0,8,138,3.56,0.31,0,0.000,0,0,0.000,0.000,0.000,0.00,0.00,0.000,5.11,1.76
Adalberto Mondesi,$5.1K,S,KCR,SS,BOS,3 ,Eduardo Rodriguez,L,False,1100,-1,10,174,4.11,-0.34,71,0.296,0.335,0.183,0.316,0.479,0.795,23.40,3.90,0.346,8.96,1.76
Yan Gomes,$3.2K,R,WAS,C,CHW,8 ,Reynaldo Lopez,R,True,900,-23,8.5,-250,5.31,-0.04,103,0.223,0.251,0.078,0.266,0.301,0.567,27.50,4.60,0.306,5.62,1.76
Leury Garcia,$3.7K,S,CHW,2B/OF,@ WAS,1 ,Stephen Strasburg,R,False,900,-46,8.5,215,3.19,0.04,151,0.272,0.277,0.053,0.304,0.325,0.629,25.20,3.70,0.360,6.53,1.76
Franmil Reyes,$4.1K,R,SDP,OF,PHI,2 ,Jerad Eickhoff,R,True,1200,-16,8,-160,4.44,0.19,153,0.242,0.364,0.320,0.289,0.562,0.851,26.50,6.60,0.229,7.2,1.76
Max Muncy,$5.3K,L,LAD,1B/2B,@ ARI,2 ,Taylor Clarke,R,False,1500,-3,9.5,-200,5.6,0.27,132,0.280,0.389,0.235,0.380,0.515,0.895,22.20,14.60,0.315,9.27,1.75
Nelson Cruz,$4.2K,R,MIN,OF,@ CLE,3 ,Shane Bieber,R,True,900,-1,9,116,4.25,0.14,103,0.282,0.377,0.243,0.357,0.524,0.881,26.10,8.70,0.343,7.34,1.75
Francisco Lindor,$4.9K,S,CLE,SS,MIN,1 ,Devin Smeltzer,L,False,1200,-2,9,-132,4.75,-0.14,46,0.196,0.292,0.109,0.327,0.304,0.631,10.90,14.50,0.205,8.58,1.75
Joc Pederson,$5.6K,L,LAD,OF,@ ARI,1 ,Taylor Clarke,R,False,1800,-12,9.5,-200,5.6,0.27,141,0.284,0.465,0.447,0.396,0.730,1.126,17.20,12.40,0.232,9.79,1.75
Ronald Guzman,$3.8K,L,TEX,1B,BAL,8 ,Dylan Bundy,R,False,700,8,10.5,-140,5.63,-0.03,67,0.239,0.354,0.299,0.301,0.537,0.838,30.10,8.20,0.275,6.65,1.75
Yolmer Sanchez,$2.7K,S,CHW,2B,@ WAS,8 ,Stephen Strasburg,R,False,400,15,8.5,215,3.19,0.04,133,0.241,0.292,0.053,0.338,0.293,0.631,24.40,10.90,0.326,4.69,1.74
Xander Bogaerts,$5.4K,R,BOS,SS,@ KCR,5 ,Glenn Sparkman,R,True,1100,Â ,10,-200,5.89,-0.16,173,0.301,0.380,0.197,0.379,0.497,0.876,21.00,11.30,0.360,9.34,1.73
Jeff McNeil,$4.3K,L,NYM,2B/3B,SFG,1 ,Madison Bumgarner,L,True,1600,-60,7,-144,3.78,-0.04,37,0.324,0.368,0.081,0.419,0.405,0.824,14.00,9.30,0.387,7.42,1.73
Christin Stewart,$3.4K,L,DET,OF,TBR,2 ,Blake Snell,L,True,700,3,8.5,230,3.09,-0.2,17,0.176,0.211,0,0.263,0.176,0.439,15.80,10.50,0.214,5.88,1.73
Rafael Devers,$5.0K,L,BOS,3B,@ KCR,4 ,Glenn Sparkman,R,False,1300,Â ,10,-200,5.89,-0.16,162,0.327,0.396,0.198,0.396,0.525,0.921,16.40,10.40,0.370,8.6,1.72
Robbie Grossman,$3.5K,S,OAK,OF,@ LAA,6 ,Griffin Canning,R,False,1200,-25,8.5,-102,4.25,0.09,145,0.228,0.314,0.152,0.327,0.379,0.706,19.00,13.10,0.264,6.03,1.72
Ramon Laureano,$3.5K,R,OAK,OF,@ LAA,7 ,Griffin Canning,R,True,1000,-13,8.5,-102,4.25,0.09,163,0.270,0.328,0.178,0.314,0.448,0.762,28.60,5.10,0.352,6.02,1.72
Harrison Bader,$3.4K,R,STL,OF,CIN,8 ,Luis Castillo,R,True,900,-8,8.5,-112,4.25,-0.12,88,0.239,0.336,0.148,0.350,0.386,0.736,30.80,8.70,0.340,5.84,1.72
Leonys Martin,$3.5K,L,CLE,OF,MIN,9 ,Devin Smeltzer,L,True,800,-2,9,-132,4.75,-0.14,55,0.182,0.223,0.055,0.250,0.236,0.486,32.80,6.60,0.286,6.02,1.72
Kyle Seager,$3.4K,L,SEA,3B,HOU,6 ,Wade Miley,L,True,600,8,9.5,148,4.14,-0.04,17,0.118,0.289,0.235,0.250,0.353,0.603,30.00,10.00,0.100,5.85,1.72
Jose Abreu,$4.1K,R,CHW,1B,@ WAS,3 ,Stephen Strasburg,R,True,600,7,8.5,215,3.19,0.04,189,0.233,0.330,0.286,0.273,0.519,0.792,27.80,5.40,0.246,7,1.71
Steven Duggar,$3.2K,L,SFG,OF,@ NYM,8 ,Noah Syndergaard,R,False,600,1,7,126,3.22,0.04,136,0.265,0.318,0.154,0.306,0.419,0.725,24.30,5.60,0.337,5.48,1.71
Nick Markakis,$3.9K,L,ATL,OF,@ PIT,5 ,Steven Brault,L,True,600,15,9.5,-205,5.63,0.68,54,0.204,0.247,0.074,0.259,0.278,0.537,8.60,6.90,0.224,6.66,1.71
Anthony Rizzo,$5.6K,L,CHC,1B,COL,3 ,Jeff Hoffman,R,False,1200,1,10.5,-220,6.33,6.33,157,0.312,0.453,0.338,0.422,0.650,1.072,13.40,11.80,0.297,9.6,1.71
J.D. Davis,$3.5K,R,NYM,3B/OF,SFG,4 ,Madison Bumgarner,L,False,1100,-63,7,-144,3.78,-0.04,48,0.188,0.301,0.25,0.264,0.438,0.702,22.60,9.40,0.182,5.97,1.71
Michael Chavis,$4.8K,R,BOS,2B/3B,@ KCR,7 ,Glenn Sparkman,R,True,1500,-13,10,-200,5.89,-0.16,105,0.286,0.383,0.2,0.390,0.486,0.876,31.70,13.80,0.400,8.17,1.7
Dwight Smith Jr.,$4.5K,L,BAL,OF,@ TEX,4 ,Drew Smyly,L,True,1400,-24,10.5,122,4.87,-0.47,62,0.258,0.303,0.161,0.288,0.419,0.707,25.80,3.00,0.318,7.63,1.7
Ryan Braun,$4.6K,R,MIL,OF,MIA,3 ,Pablo Lopez,R,True,1500,-29,9,-210,5.36,0.52,129,0.302,0.364,0.178,0.353,0.481,0.834,22.10,5.70,0.366,7.83,1.7
Eric Sogard,$3.9K,L,TOR,2B/SS,NYY,1 ,Masahiro Tanaka,R,False,1100,8,9,172,3.7,-0.11,95,0.274,0.348,0.168,0.355,0.442,0.797,12.80,10.10,0.295,6.63,1.7
Austin Riley,$4.9K,R,ATL,3B/OF,@ PIT,6 ,Steven Brault,L,False,800,-3,9.5,-205,5.63,0.68,18,0.389,0.668,0.833,0.450,1.222,1.672,35.00,10.00,0.333,8.33,1.7
Jakob Bauers,$3.4K,L,CLE,1B/OF,MIN,8 ,Devin Smeltzer,L,True,600,-31,9,-132,4.75,-0.14,53,0.208,0.293,0.151,0.288,0.358,0.646,28.80,8.50,0.265,5.78,1.7
Curt Casali,$3.5K,R,CIN,C,@ STL,6 ,Genesis Cabrera,L,False,1100,-26,8.5,-102,4.25,-0.38,43,0.209,0.245,0.093,0.255,0.302,0.557,21.30,6.40,0.242,5.91,1.69
Greg Garcia,$3.9K,L,SDP,2B/3B,PHI,1 ,Jerad Eickhoff,R,False,1400,-11,8,-160,4.44,0.19,94,0.277,0.349,0.138,0.378,0.415,0.793,25.20,14.40,0.369,6.59,1.69
Cheslor Cuthbert,$3.4K,R,KCR,3B,BOS,6 ,Eduardo Rodriguez,L,False,1000,-1,10,174,4.11,-0.34,0,0.000,0,0,0.000,0.000,0.000,0.00,0.00,0.000,5.74,1.69
Jean Segura,$4.1K,R,PHI,SS,@ SDP,3 ,Chris Paddack,R,True,700,-2,8,138,3.56,0.31,156,0.276,0.310,0.096,0.327,0.372,0.699,11.90,6.00,0.306,6.91,1.69
Christian Walker,$3.7K,R,ARI,1B,LAD,5 ,Hyun-Jin Ryu,L,False,800,8,9.5,174,3.9,0.23,61,0.246,0.347,0.197,0.343,0.443,0.786,22.90,12.90,0.302,6.27,1.69
Cameron Maybin,$3.8K,R,NYY,OF,@ TOR,8 ,Clayton Richard,L,False,1400,-30,9,-200,5.3,0.11,20,0.200,0.222,0,0.273,0.200,0.473,27.30,9.10,0.286,6.38,1.68
Austin Hedges,$3.1K,R,SDP,C,PHI,8 ,Jerad Eickhoff,R,True,900,-27,8,-160,4.44,0.19,108,0.222,0.296,0.167,0.276,0.389,0.665,31.00,6.00,0.284,5.2,1.68
Kevin Pillar,$3.3K,R,SFG,OF,@ NYM,6 ,Noah Syndergaard,R,True,900,-9,7,126,3.22,0.04,155,0.226,0.258,0.116,0.253,0.342,0.595,19.10,1.90,0.262,5.56,1.68
Adam Jones,$4.2K,R,ARI,OF,LAD,3 ,Hyun-Jin Ryu,L,False,700,7,9.5,174,3.9,0.23,83,0.301,0.360,0.229,0.322,0.530,0.852,14.90,3.40,0.313,7.04,1.68
Cesar Hernandez,$4.0K,S,PHI,2B,@ SDP,1 ,Chris Paddack,R,False,1200,5,8,138,3.56,0.31,161,0.304,0.380,0.199,0.367,0.503,0.870,14.70,7.30,0.333,6.68,1.67
Dansby Swanson,$5.0K,R,ATL,SS,@ PIT,2 ,Steven Brault,L,False,1400,-5,9.5,-205,5.63,0.68,50,0.360,0.426,0.24,0.400,0.600,1.000,14.50,7.30,0.375,8.37,1.67
Clint Frazier,$4.4K,R,NYY,OF,@ TOR,6 ,Clayton Richard,L,False,1100,-7,9,-200,5.3,0.11,30,0.200,0.304,0.233,0.273,0.433,0.706,33.30,9.10,0.235,7.29,1.66
Bryce Harper,$4.6K,L,PHI,OF,@ SDP,2 ,Chris Paddack,R,False,400,14,8,138,3.56,0.31,148,0.223,0.347,0.209,0.356,0.432,0.788,32.80,16.70,0.321,7.64,1.66
David Dahl,$4.3K,L,COL,OF,@ CHC,3 ,Kyle Hendricks,R,False,800,3,10.5,186,4.17,4.17,133,0.316,0.378,0.203,0.366,0.519,0.885,27.40,6.20,0.416,7.14,1.66
Daniel Murphy,$4.1K,L,COL,1B,@ CHC,5 ,Kyle Hendricks,R,False,700,5,10.5,186,4.17,4.17,92,0.228,0.298,0.163,0.294,0.391,0.685,12.70,8.80,0.234,6.8,1.66
Luis Rengifo,$3.3K,S,LAA,2B/SS,OAK,9 ,Frankie Montas,R,False,800,13,8.5,-112,4.25,-0.09,51,0.196,0.281,0.157,0.288,0.353,0.641,28.30,11.70,0.265,5.47,1.66
Elias Diaz,$3.5K,R,PIT,C,ATL,5 ,Max Fried,L,False,900,-17,9.5,178,3.87,-0.18,22,0.318,0.297,0.045,0.318,0.364,0.682,13.60,0.00,0.368,5.77,1.65
Cavan Biggio,$3.4K,L,TOR,2B/OF,NYY,6 ,Masahiro Tanaka,R,False,800,11,9,172,3.7,-0.11,16,0.188,0.328,0.188,0.350,0.375,0.725,35.00,20.00,0.250,5.61,1.65
Tyler Flowers,$3.5K,R,ATL,C,@ PIT,8 ,Steven Brault,L,False,1000,-20,9.5,-205,5.63,0.68,36,0.139,0.214,0.139,0.205,0.278,0.483,35.90,7.70,0.190,5.77,1.65
Starling Marte,$5.1K,R,PIT,OF,ATL,3 ,Max Fried,L,False,1400,-10,9.5,178,3.87,-0.18,46,0.196,0.221,0.130,0.196,0.326,0.522,21.30,0.00,0.229,8.34,1.64
Austin Meadows,$5.7K,L,TBR,OF,@ DET,3 ,Ryan Carpenter,L,True,1300,-2,8.5,-270,5.41,0.2,40,0.325,0.395,0.25,0.357,0.575,0.932,28.60,4.80,0.423,9.36,1.64
Jason Heyward,$4.1K,L,CHC,OF,COL,7 ,Jeff Hoffman,R,False,900,3,10.5,-220,6.33,6.33,142,0.246,0.353,0.190,0.370,0.437,0.807,13.90,16.20,0.248,6.71,1.64
Carlos Santana,$4.8K,S,CLE,1B,MIN,3 ,Devin Smeltzer,L,False,1200,Â ,9,-132,4.75,-0.14,63,0.317,0.388,0.111,0.434,0.429,0.863,13.20,17.10,0.365,7.85,1.64
Ronny Rodriguez,$3.4K,R,DET,2B/SS,TBR,7 ,Blake Snell,L,False,800,2,8.5,230,3.09,-0.2,23,0.261,0.359,0.348,0.261,0.609,0.870,30.40,0.00,0.333,5.58,1.64
Harold Ramirez,$4.0K,R,MIA,OF,@ MIL,5 ,Chase Anderson,R,True,800,7,9,180,3.64,-0.02,42,0.405,0.427,0.119,0.457,0.524,0.981,10.90,6.50,0.444,6.53,1.63
Jorge Soler,$4.2K,R,KCR,OF,BOS,5 ,Eduardo Rodriguez,L,False,1000,-7,10,174,4.11,-0.34,58,0.241,0.312,0.207,0.286,0.448,0.734,34.90,6.30,0.324,6.83,1.63
Evan Longoria,$3.6K,R,SFG,3B,@ NYM,3 ,Noah Syndergaard,R,True,900,-2,7,126,3.22,0.04,120,0.225,0.313,0.217,0.282,0.442,0.724,20.60,6.90,0.239,5.87,1.63
Alex Gordon,$4.3K,L,KCR,OF,BOS,4 ,Eduardo Rodriguez,L,True,900,-2,10,174,4.11,-0.34,55,0.255,0.338,0.109,0.368,0.364,0.732,16.20,8.80,0.289,7.03,1.63
Yasmani Grandal,$5.2K,S,MIL,C,MIA,5 ,Pablo Lopez,R,False,1700,-10,9,-210,5.36,0.52,127,0.268,0.372,0.236,0.367,0.504,0.871,24.00,13.30,0.306,8.5,1.63
Jackie Bradley,$3.6K,L,BOS,OF,@ KCR,9 ,Glenn Sparkman,R,False,900,-6,10,-200,5.89,-0.16,118,0.195,0.303,0.153,0.314,0.347,0.661,24.80,12.10,0.237,5.88,1.63
Pete Alonso,$5.0K,R,NYM,1B,SFG,2 ,Madison Bumgarner,L,False,1100,Â ,7,-144,3.78,-0.04,57,0.263,0.408,0.386,0.333,0.649,0.982,39.70,9.50,0.370,8.13,1.63
Jordan Luplow,$4.2K,R,CLE,OF,MIN,4 ,Devin Smeltzer,L,False,1100,-13,9,-132,4.75,-0.14,49,0.306,0.487,0.490,0.370,0.796,1.166,27.80,9.30,0.296,6.8,1.62
Addison Russell,$3.7K,R,CHC,2B/SS,COL,8 ,Jeff Hoffman,R,True,900,12,10.5,-220,6.33,6.33,53,0.302,0.382,0.226,0.351,0.528,0.879,19.00,6.90,0.316,5.99,1.62
Jorge Polanco,$5.2K,S,MIN,SS,@ CLE,2 ,Shane Bieber,R,False,1000,1,9,116,4.25,0.14,160,0.338,0.432,0.269,0.415,0.606,1.021,15.30,12.00,0.373,8.44,1.62
Adam Frazier,$4.0K,L,PIT,2B,ATL,8 ,Max Fried,L,True,800,9,9.5,178,3.87,-0.18,60,0.267,0.286,0.05,0.323,0.317,0.640,13.60,7.60,0.314,6.48,1.62
Charlie Tilson,$3.0K,L,CHW,OF,@ WAS,7 ,Stephen Strasburg,R,False,500,Â ,8.5,215,3.19,0.04,81,0.284,0.307,0.074,0.333,0.358,0.691,24.10,4.60,0.373,4.86,1.62
Wil Myers,$4.2K,R,SDP,1B/OF,PHI,6 ,Jerad Eickhoff,R,True,1600,-62,8,-160,4.44,0.19,146,0.219,0.313,0.178,0.313,0.397,0.710,35.50,10.80,0.312,6.78,1.61
Ketel Marte,$4.6K,S,ARI,2B/OF,LAD,1 ,Hyun-Jin Ryu,L,False,800,-9,9.5,174,3.9,0.23,87,0.310,0.414,0.333,0.341,0.644,0.985,12.10,3.30,0.279,7.39,1.61
David Freese,$4.5K,R,LAD,1B,@ ARI,5 ,Taylor Clarke,R,True,1800,-12,9.5,-200,5.6,0.27,38,0.342,0.458,0.316,0.432,0.658,1.090,18.20,13.60,0.370,7.26,1.61
Roberto Perez,$3.4K,R,CLE,C,MIN,7 ,Devin Smeltzer,L,False,900,-16,9,-132,4.75,-0.14,35,0.286,0.420,0.257,0.419,0.543,0.962,37.20,18.60,0.438,5.48,1.61
Marcell Ozuna,$4.8K,R,STL,OF,CIN,4 ,Luis Castillo,R,True,600,11,8.5,-112,4.25,-0.12,183,0.257,0.382,0.295,0.338,0.552,0.890,19.80,10.60,0.256,7.73,1.61
Justin Smoak,$4.4K,S,TOR,1B,NYY,3 ,Masahiro Tanaka,R,False,1100,-1,9,172,3.7,-0.11,123,0.252,0.408,0.301,0.396,0.553,0.949,21.40,16.90,0.250,7.05,1.6
Carlos Gomez,$3.4K,R,NYM,OF,SFG,8 ,Madison Bumgarner,L,False,1100,-20,7,-144,3.78,-0.04,12,0.333,0.401,0.083,0.467,0.417,0.884,13.30,6.70,0.400,5.43,1.6
Keon Broxton,$3.7K,R,BAL,OF,@ TEX,8 ,Drew Smyly,L,False,1300,-27,10.5,122,4.87,-0.47,23,0.261,0.340,0.130,0.370,0.391,0.761,37.00,14.80,0.417,5.9,1.59
Garrett Cooper,$4.1K,R,MIA,1B/OF,@ MIL,2 ,Chase Anderson,R,True,1000,-29,9,180,3.64,-0.02,44,0.250,0.323,0.091,0.370,0.341,0.711,22.20,13.00,0.312,6.48,1.58
Ian Kinsler,$3.4K,R,SDP,2B,PHI,7 ,Jerad Eickhoff,R,True,1000,5,8,-160,4.44,0.19,122,0.197,0.273,0.172,0.252,0.369,0.621,16.00,5.30,0.198,5.36,1.58
Russell Martin,$3.7K,R,LAD,C,@ ARI,8 ,Taylor Clarke,R,True,1500,-41,9.5,-200,5.6,0.27,43,0.302,0.357,0.116,0.396,0.419,0.815,20.80,9.40,0.364,5.86,1.58
Freddy Galvis,$3.5K,S,TOR,SS,NYY,8 ,Masahiro Tanaka,R,False,700,-6,9,172,3.7,-0.11,152,0.243,0.307,0.178,0.290,0.421,0.711,24.10,6.20,0.290,5.51,1.57
Lourdes Gurriel,$3.9K,R,TOR,2B/OF,NYY,7 ,Masahiro Tanaka,R,True,900,-39,9,172,3.7,-0.11,51,0.235,0.338,0.235,0.304,0.471,0.775,21.40,7.10,0.270,6.13,1.57
Dylan Moore,$3.1K,R,SEA,3B/SS,HOU,9 ,Wade Miley,L,False,1000,Â ,9.5,148,4.14,-0.04,23,0.174,0.263,0.043,0.321,0.217,0.538,32.10,14.30,0.286,4.84,1.56
Eddie Rosario,$5.2K,L,MIN,OF,@ CLE,4 ,Shane Bieber,R,False,1200,-3,9,116,4.25,0.14,170,0.265,0.347,0.259,0.288,0.524,0.812,14.10,3.40,0.241,8.09,1.56
Ryan McMahon,$3.8K,L,COL,1B/2B,@ CHC,6 ,Kyle Hendricks,R,False,1100,12,10.5,186,4.17,4.17,97,0.196,0.293,0.113,0.322,0.309,0.631,23.50,15.70,0.239,5.88,1.55
Todd Frazier,$3.8K,R,NYM,3B,SFG,6 ,Madison Bumgarner,L,False,1000,-1,7,-144,3.78,-0.04,30,0.333,0.367,0.167,0.355,0.500,0.855,25.80,3.20,0.429,5.9,1.55
Rhys Hoskins,$4.8K,R,PHI,1B,@ SDP,4 ,Chris Paddack,R,True,800,5,8,138,3.56,0.31,159,0.277,0.391,0.245,0.386,0.522,0.908,25.90,14.30,0.337,7.37,1.54
Carson Kelly,$3.4K,R,ARI,C,LAD,8 ,Hyun-Jin Ryu,L,False,1100,-27,9.5,174,3.9,0.23,34,0.353,0.501,0.412,0.450,0.765,1.215,17.50,15.00,0.375,5.24,1.54
Max Kepler,$5.2K,L,MIN,OF,@ CLE,1 ,Shane Bieber,R,False,1600,-16,9,116,4.25,0.14,148,0.250,0.358,0.25,0.333,0.500,0.833,15.80,10.50,0.243,8.02,1.54
Enrique Hernandez,$4.1K,R,LAD,2B/OF,@ ARI,7 ,Taylor Clarke,R,True,1200,5,9.5,-200,5.6,0.27,114,0.184,0.265,0.175,0.246,0.360,0.606,27.80,7.10,0.211,6.33,1.54
Freddie Freeman,$5.2K,L,ATL,1B,@ PIT,3 ,Steven Brault,L,True,900,3,9.5,-205,5.63,0.68,64,0.312,0.415,0.297,0.371,0.609,0.980,17.10,7.10,0.319,7.93,1.53
Jonathan Villar,$4.8K,S,BAL,2B/SS,@ TEX,6 ,Drew Smyly,L,False,1400,-12,10.5,122,4.87,-0.47,80,0.212,0.250,0.138,0.232,0.350,0.582,26.50,2.40,0.268,7.34,1.53
Victor Robles,$4.3K,R,WAS,OF,CHW,7 ,Reynaldo Lopez,R,True,1300,-24,8.5,-250,5.31,-0.04,157,0.229,0.299,0.166,0.291,0.395,0.686,26.30,5.10,0.283,6.6,1.53
Eduardo Escobar,$4.8K,S,ARI,3B/SS,LAD,2 ,Hyun-Jin Ryu,L,False,1000,3,9.5,174,3.9,0.23,91,0.374,0.460,0.330,0.387,0.703,1.090,16.10,1.10,0.391,7.32,1.53
Bryan Reynolds,$4.8K,S,PIT,OF,ATL,2 ,Max Fried,L,False,1500,-20,9.5,178,3.87,-0.18,34,0.441,0.510,0.294,0.472,0.735,1.207,22.20,5.60,0.542,7.32,1.53
Shed Long,$3.1K,L,SEA,2B,HOU,8 ,Wade Miley,L,True,700,15,9.5,148,4.14,-0.04,7,0.571,0.669,0.429,0.700,1.000,1.700,30.00,30.00,1.000,4.67,1.51
Jay Bruce,$4.5K,L,PHI,1B/OF,@ SDP,6 ,Chris Paddack,R,False,1300,-30,8,138,3.56,0.31,127,0.213,0.325,0.291,0.271,0.504,0.775,29.30,7.10,0.228,6.79,1.51
Eric Thames,$5.0K,L,MIL,1B/OF,MIA,6 ,Pablo Lopez,R,False,2100,-17,9,-210,5.36,0.52,106,0.245,0.366,0.217,0.367,0.462,0.829,35.20,14.80,0.357,7.54,1.51
Ian Desmond,$3.7K,R,COL,OF,@ CHC,7 ,Kyle Hendricks,R,True,900,-7,10.5,186,4.17,4.17,108,0.241,0.316,0.157,0.320,0.398,0.718,29.50,9.80,0.338,5.59,1.51
Josh Phegley,$3.7K,R,OAK,C,@ LAA,9 ,Griffin Canning,R,True,1300,-30,8.5,-102,4.25,0.09,104,0.260,0.338,0.231,0.304,0.490,0.794,23.90,5.30,0.292,5.55,1.5
Brandon Dixon,$3.8K,R,DET,1B/OF,TBR,5 ,Blake Snell,L,False,1000,18,8.5,230,3.09,-0.2,16,0.312,0.389,0.25,0.353,0.563,0.916,35.30,5.90,0.444,5.71,1.5
Hunter Pence,$5.3K,R,TEX,OF,BAL,5 ,Dylan Bundy,R,True,1400,-7,10.5,-140,5.63,-0.03,94,0.298,0.407,0.298,0.364,0.596,0.960,17.80,10.30,0.300,7.94,1.5
David Fletcher,$4.0K,R,LAA,3B/OF,OAK,6 ,Frankie Montas,R,True,700,-4,8.5,-112,4.25,-0.09,121,0.372,0.401,0.140,0.415,0.512,0.927,7.70,6.90,0.394,5.94,1.49
JaCoby Jones,$3.5K,R,DET,OF,TBR,9 ,Blake Snell,L,False,1200,-25,8.5,230,3.09,-0.2,24,0.250,0.274,0.125,0.269,0.375,0.644,40.70,3.70,0.385,5.22,1.49
Kevin Kiermaier,$4.6K,L,TBR,OF,@ DET,7 ,Ryan Carpenter,L,True,1700,-42,8.5,-270,5.41,0.2,37,0.324,0.336,0.108,0.350,0.432,0.782,17.50,5.00,0.367,6.85,1.49
J.T. Realmuto,$4.1K,R,PHI,C,@ SDP,5 ,Chris Paddack,R,True,1100,-14,8,138,3.56,0.31,147,0.252,0.319,0.143,0.319,0.395,0.714,23.90,8.00,0.308,6.05,1.48
Jake Marisnick,$4.2K,R,HOU,OF,@ SEA,9 ,Andrew Moore,R,True,1700,-46,9.5,-170,5.36,0.04,77,0.208,0.302,0.234,0.265,0.442,0.707,33.70,4.80,0.267,6.23,1.48
Jose Osuna,$4.0K,R,PIT,3B,ATL,6 ,Max Fried,L,False,1600,-29,9.5,178,3.87,-0.18,1,0.000,0,0,0.000,0.000,0.000,0.00,0.00,0.000,5.9,1.48
Tony Wolters,$3.3K,L,COL,C,@ CHC,8 ,Kyle Hendricks,R,False,1000,-25,10.5,186,4.17,4.17,87,0.299,0.331,0.103,0.356,0.402,0.758,15.80,9.90,0.338,4.86,1.47
Mitch Garver,$5.1K,R,MIN,C,@ CLE,5 ,Shane Bieber,R,True,2000,-15,9,116,4.25,0.14,59,0.288,0.465,0.458,0.373,0.746,1.119,23.90,10.40,0.257,7.5,1.47
Trevor Story,$5.3K,R,COL,SS,@ CHC,2 ,Kyle Hendricks,R,True,1100,Â ,10.5,186,4.17,4.17,166,0.283,0.404,0.307,0.362,0.590,0.952,25.00,10.10,0.318,7.78,1.47
Omar Narvaez,$3.8K,L,SEA,C,HOU,5 ,Wade Miley,L,True,1100,-21,9.5,148,4.14,-0.04,18,0.278,0.389,0.167,0.440,0.444,0.884,8.00,20.00,0.250,5.56,1.46
Scott Kingery,$4.0K,R,PHI,3B/OF,@ SDP,7 ,Chris Paddack,R,True,1100,-48,8,138,3.56,0.31,53,0.321,0.390,0.208,0.379,0.528,0.907,27.60,5.20,0.429,5.79,1.45
Amed Rosario,$3.9K,R,NYM,SS,SFG,7 ,Madison Bumgarner,L,False,1000,-9,7,-144,3.78,-0.04,51,0.235,0.351,0.294,0.304,0.529,0.833,26.80,8.90,0.273,5.66,1.45
Nolan Arenado,$5.3K,R,COL,3B,@ CHC,4 ,Kyle Hendricks,R,True,1000,Â ,10.5,186,4.17,4.17,170,0.329,0.400,0.241,0.374,0.571,0.945,9.10,7.00,0.320,7.66,1.45
Hunter Renfroe,$5.3K,R,SDP,OF,PHI,5 ,Jerad Eickhoff,R,True,1800,-22,8,-160,4.44,0.19,131,0.244,0.381,0.359,0.303,0.603,0.906,32.40,7.70,0.264,7.57,1.43
Jonathan Schoop,$4.5K,R,MIN,2B,@ CLE,8 ,Shane Bieber,R,True,1100,6,9,116,4.25,0.14,153,0.268,0.344,0.235,0.304,0.503,0.807,23.00,2.50,0.306,6.28,1.4
Tim Anderson,$4.4K,R,CHW,SS,@ WAS,5 ,Stephen Strasburg,R,True,1000,-4,8.5,215,3.19,0.04,148,0.351,0.404,0.209,0.381,0.561,0.942,17.40,2.60,0.389,6.12,1.39
Brett Gardner,$4.3K,L,NYY,OF,@ TOR,9 ,Clayton Richard,L,True,1400,-30,9,-200,5.3,0.11,41,0.195,0.240,0.122,0.233,0.317,0.550,23.30,4.70,0.233,5.97,1.39
Michael Conforto,$4.5K,L,NYM,OF,SFG,3 ,Madison Bumgarner,L,True,1100,-9,7,-144,3.78,-0.04,57,0.246,0.335,0.228,0.306,0.474,0.780,25.80,4.80,0.289,6.25,1.39
Miguel Rojas,$3.4K,R,MIA,3B/SS,@ MIL,8 ,Chase Anderson,R,True,1100,-3,9,180,3.64,-0.02,124,0.250,0.275,0.040,0.314,0.290,0.604,15.00,7.90,0.292,4.72,1.39
David Peralta,$5.0K,L,ARI,OF,LAD,4 ,Hyun-Jin Ryu,L,True,1300,-7,9.5,174,3.9,0.23,62,0.274,0.320,0.113,0.343,0.387,0.730,24.30,8.60,0.356,6.94,1.39
Christian Vazquez,$4.1K,R,BOS,C,@ KCR,8 ,Glenn Sparkman,R,True,1700,-36,10,-200,5.89,-0.16,106,0.274,0.319,0.151,0.313,0.425,0.738,20.50,5.40,0.316,5.66,1.38
Jorge Alfaro,$4.3K,R,MIA,C,@ MIL,7 ,Chase Anderson,R,True,1400,-18,9,180,3.64,-0.02,116,0.259,0.326,0.172,0.317,0.431,0.748,35.70,4.80,0.369,5.94,1.38
Byron Buxton,$4.6K,R,MIN,OF,@ CLE,9 ,Shane Bieber,R,True,1300,-17,9,116,4.25,0.14,138,0.246,0.342,0.246,0.307,0.493,0.800,23.00,7.20,0.303,6.34,1.38
Orlando Arcia,$4.2K,R,MIL,SS,MIA,8 ,Pablo Lopez,R,True,1500,-13,9,-210,5.36,0.52,157,0.242,0.323,0.172,0.320,0.414,0.734,20.60,10.30,0.272,5.7,1.36
Miguel Sano,$4.7K,R,MIN,3B,@ CLE,7 ,Shane Bieber,R,True,1100,Â ,9,116,4.25,0.14,29,0.276,0.411,0.379,0.353,0.655,1.008,29.40,11.80,0.333,6.41,1.36
Wilson Ramos,$4.4K,R,NYM,C,SFG,5 ,Madison Bumgarner,L,False,1800,-29,7,-144,3.78,-0.04,40,0.300,0.376,0.15,0.404,0.450,0.854,10.60,14.90,0.303,5.88,1.34
